{
  "name": "Stacking Ensemble",
  "metrics": {
    "accuracy": 0.8701298701298701,
    "precision": 0.7833333333333333,
    "recall": 0.8703703703703703,
    "f1": 0.8245614035087719,
    "roc_auc": 0.9427777777777778,
    "threshold": 0.4500000000000002
  },
  "threshold": 0.4500000000000002
}